m0,m12,a0,tanb,sgnmu,omega,xf,bsgsm,bsgnlo,deltarho,bsmumu,btaunu,gmuon,msne,msnm,msel,mser,msml,msmr,msdl,msdr,msul,msur,mssl,mssr,mscl,mscr,msnl,msl1,msl2,msb1,msb2,mst1,mst2,mg,mneut1,mneut2,mneut3,mneut4,mchg1,mchg2,mhsm,mh,mhc
2053.09,1933.78,6517.52,14.3522,1,32.29750631431823,20.62374244492814,0.0003286349194180624,0.0003310269249619417,2.373760525307992e-06,3.0508360332107843e-09,0.9989507649101361,3.9920779831333466e-11,2400.71617,2400.50177,2402.42393,2171.2471,2402.21114,2170.77159,4147.39681,3990.26281,4146.62589,4006.97789,4147.37922,3990.24239,4146.60821,4006.96137,2340.12914,2034.45633,2342.22772,3694.45718,3938.61772,3053.6173,3697.22779,4102.21879,850.263199,1586.19678,2150.07817,2156.24847,1586.16247,2156.40365,119.129267,3090.11487,3091.51595
4988.56,2885.88,8714.41,28.4684,1,145.08938296640798,19.449345350340433,0.00032882386336975606,0.0003293119245559149,7.683989063568071e-07,3.0457628330371587e-09,0.9983732801692501,2.633917052783833e-11,5306.67398,5305.59921,5307.69599,5094.85604,5306.62331,5092.61289,7162.9447,6969.93977,7162.48431,6990.43572,7162.86747,6969.80996,7162.4069,6990.40625,5004.06932,4440.19941,5005.44232,6157.0561,6634.04871,5151.10971,6158.67493,6091.36609,1299.06875,2383.50408,2500.56669,2527.88241,2383.37911,2527.51355,122.210002,4926.61957,4927.6397
6372.02,3702.71,-11341.2,36.1303,1,235.58213208646256,19.220572384779523,0.00032889794784696013,0.0003269383918163412,4.092169612404595e-07,3.108503543578657e-09,0.9984645369438976,1.535817937544361e-11,6783.59399,6780.97308,6784.48632,6510.21726,6781.87676,6504.7279,9109.67985,8859.87149,9109.31564,8886.43724,9109.45338,8859.46889,9109.08937,8886.37052,6058.73237,4875.24842,6060.76676,6904.72383,7727.51936,5218.8444,6913.56178,7707.05648,1710.7096,3158.79895,5806.24594,5807.04743,3158.77166,5807.67715,127.685176,6459.82213,6460.7392
3345.86,8657.38,-15676.3,31.4489,1,0.5192297518853394,24.914834902111274,0.00032896575136350165,0.0003286061220314207,1.844317155312531e-06,3.0703907664217677e-09,0.9995511314120403,7.812568217000497e-12,6420.95238,6418.13885,6421.52087,4611.91633,6418.7195,4604.16843,14908.6683,14049.3346,14908.4462,14145.5309,14908.432,14048.9206,14908.21,14145.4432,5686.72121,1931.50379,5691.72958,12381.3834,12901.4338,9742.75031,12387.7649,16445.8008,4063.02594,7301.49135,10916.0792,10916.801,7301.46975,10917.2703,129.174885,10292.1924,10292.3031
4712.28,3149.26,-18323.3,25.6515,1,,,,,,,,,,,,,,,,,,,,,,,,,,,,,,,,,,,,,,,
2198.92,1663.44,-12060.0,13.7667,1,,,,,,,,,,,,,,,,,,,,,,,,,,,,,,,,,,,,,,,
6161.25,5419.98,-1070.51,13.1263,1,230.6154936149983,19.637047072762385,0.00032893444734627864,0.0003292010072026477,2.1351378252044226e-07,3.0587472979660005e-09,0.9998746499860776,4.98016004141601e-12,7045.22747,7045.05278,7046.10345,6467.05011,7045.92935,6466.6688,11189.0519,10751.3669,11188.764,10799.4324,11189.0148,10751.3286,11188.727,10799.3932,6995.71805,6358.49297,6996.75289,10060.151,10650.216,8405.60591,10063.281,10848.2906,2506.46485,4515.67487,4590.38743,4635.87835,4515.47876,4635.6298,125.353652,8196.58296,8196.77187
5933.27,6763.76,18667.4,47.2295,1,0.6410167042525663,24.568757287502088,0.0003288431546014218,0.00032927752850166734,5.556187045308429e-06,3.0389368928907177e-09,0.9962239494135463,1.4274196338985037e-11,7305.41098,7299.62606,7306.24674,6420.93756,7300.46982,6407.80485,12923.8955,12330.8042,12923.6414,12397.9322,12923.6614,12330.3535,12923.407,12397.8878,5829.75623,1678.06989,5836.7525,11171.7634,11218.418,9810.3447,11190.4449,13163.314,3122.67175,5634.72172,5818.45413,5834.83095,5634.67756,5834.57846,124.575763,5275.29013,5276.20634
5727.03,6753.08,14735.7,10.3819,1,204.4540036350161,19.98211206031548,0.00032894430519610126,0.00032938081515007536,2.3744728586105227e-07,3.058865966208386e-09,0.9999324025765295,3.1568762595640788e-12,7138.22028,7138.00517,7139.04746,6229.01455,7138.83271,6228.52259,12829.6461,12231.6979,12829.3958,12299.6212,12829.617,12231.674,12829.3667,12299.5836,7077.45007,6089.10838,7078.38428,11753.0188,12169.9122,9973.83725,11753.9824,13178.0639,3128.42407,5358.70511,5370.38401,5661.46475,5358.29049,5661.4265,123.840636,8804.62726,8804.76066
2115.65,74.9322,-11381.3,47.5642,1,,,,,,,,,,,,,,,,,,,,,,,,,,,,,,,,,,,,,,,
8937.61,891.547,-51659.3,24.2408,1,,,,,,,,,,,,,,,,,,,,,,,,,,,,,,,,,,,,,,,
2510.68,7358.71,-4132.6,10.996,1,29.48788135232216,22.69217723391005,0.0003289452907378383,0.0003292399086101066,2.0083192042033675e-07,3.059199964423773e-09,0.9999251309244476,3.989561498903843e-12,5303.88543,5303.77525,5304.6195,3686.18312,5304.51064,3685.87227,12736.8793,12004.8557,12736.6261,12086.6666,12736.8434,12004.8241,12736.5903,12086.6223,5272.48615,3597.68481,5273.75947,11609.361,11922.7016,9693.50764,11613.3578,14131.718,3417.95789,6157.49548,7235.15253,7238.38569,6157.46825,7238.13514,126.416857,8843.27959,8843.46688
7837.81,2036.69,-21142.3,6.20088,1,,,,,,,,,,,,,,,,,,,,,,,,,,,,,,,,,,,,,,,
7621.89,2378.35,-37947.9,22.6917,1,,,,,,,,,,,,,,,,,,,,,,,,,,,,,,,,,,,,,,,
8508.15,8416.02,-23092.2,39.781,1,144.84637005533455,20.98150274939396,0.0003289718762973985,0.0003283053061802525,1.8337183578529712e-06,3.0902477878656346e-09,0.9993436704643601,5.434265513886218e-12,10018.2261,10011.8087,10018.9384,9040.58939,10012.5303,9026.3263,16477.7302,15765.9938,16477.5284,15845.9346,16477.2709,15765.1514,16477.0692,15845.8106,8327.148,4462.25522,8331.71599,12341.4524,13347.2987,9160.54766,12348.1963,16283.6939,3987.54252,7185.50657,12362.757,12363.2605,7185.48999,12363.5962,129.953311,10815.0162,10815.4678
7186.87,6912.16,35728.3,16.4957,1,273.8042170665744,19.69257451370313,0.00032898359059680684,0.00032915801692723,2.4508424830186356e-07,3.0579516011493934e-09,0.9999213229945048,2.9881205367280804e-12,8394.01656,8391.9758,8394.81436,7603.87194,8392.77484,7599.35973,13713.4438,13140.5297,13713.2006,13208.5018,13713.3097,13140.3547,13713.0665,13208.3967,7809.84978,6237.04848,7810.97587,11126.7115,12732.3115,7409.98031,11127.5796,13449.7972,3203.28453,5793.43707,10552.6452,10553.3026,5793.41811,10553.7477,124.275068,12566.818,12567.0707
3653.81,4041.6,-17525.2,36.114,1,,,,,,,,,,,,,,,,,,,,,,,,,,,,,,,,,,,,,,,
7911.38,3055.05,36665.6,32.9319,1,,,,,,,,,,,,,,,,,,,,,,,,,,,,,,,,,,,,,,,
9311.57,9910.05,35283.8,28.3604,1,390.89837439963134,19.703237233956465,0.0003289830924914775,0.0003291022495404758,7.812065980291553e-07,3.0557750120460952e-09,0.9997610693938371,3.371687040327446e-12,11176.2443,11171.6021,11176.8461,9974.08015,11172.2072,9963.68928,18813.817,17959.5505,18813.6407,18058.6571,18813.597,17959.1731,18813.4207,18058.5709,9871.98748,6696.64928,9874.49745,16223.5947,17053.0352,13235.8407,16224.2706,18888.5406,4660.72476,8342.80302,10253.8159,10255.4321,8342.7874,10255.2605,125.63569,12470.4311,12470.4894
5711.33,2985.15,13058.2,8.13007,1,241.596037007668,18.970789326691172,0.00032890790055660956,0.00032959388175320207,6.100814791844039e-07,3.058815194257559e-09,0.9999348202711454,4.952787489833338e-12,6006.0943,6005.95596,6007.033,5808.96063,6006.89481,5808.67411,7772.42695,7584.62163,7772.00965,7605.10348,7772.39751,7584.6038,7771.98027,7605.061,5966.97084,5727.64459,5967.94596,6638.62582,7539.82634,5075.85437,6639.66646,6304.49593,1347.74971,2498.50125,3792.72029,3795.64637,2498.46765,3795.30745,120.438682,7047.81345,7048.52227
6114.16,7690.42,-956.347,31.8262,1,213.56716773207972,20.113110189034327,0.00032893955160790696,0.00032893732382620686,4.808317920564465e-07,3.0613859066086746e-09,0.9993021924097162,8.075321282978403e-12,7805.13416,7804.10538,7805.88597,6722.95118,7804.86184,6720.57218,14347.6203,13652.6209,14347.3923,13731.1549,14347.4902,13652.3907,14347.2623,13731.1097,7512.39641,6023.95181,7514.65321,12817.8063,13024.594,11058.9853,12821.833,14891.9554,3596.46615,6308.00198,6326.1724,6493.90926,6307.74713,6493.86405,126.744034,8442.01101,8442.24893
1798.21,3312.09,224.447,17.5377,1,29.84131364043497,21.206575549590248,0.0003287545310593699,0.00032958447780092654,6.102480534105332e-07,3.058224186631393e-09,0.9990696185981174,2.67670218365175e-11,2792.09166,2791.99261,2793.62723,2172.91831,2793.53088,2172.66466,6227.3047,5915.72673,6226.78637,5949.32033,6227.28165,5915.69617,6226.76355,5949.30172,2764.01701,2100.24015,2766.30364,5701.56255,5834.53429,4887.86529,5708.97961,6710.03144,1490.16639,2740.78818,3134.42591,3143.18428,2739.74868,3142.76727,123.688969,4015.49063,4016.27139
8491.83,5775.63,31780.0,17.4334,1,413.83403868109457,19.096088919841602,0.00032898005652240924,0.0003291783410428385,2.461873740665555e-07,3.05757838244227e-09,0.9999043819854971,3.336743286576048e-12,9223.10947,9221.3032,9223.88937,8737.47618,9222.08434,8733.65774,12970.9145,12553.9064,12970.6548,12603.0402,12970.7781,12553.7243,12970.5186,12602.9409,8709.06437,7610.20517,8710.04623,10413.1265,12129.7004,6944.19359,10414.0788,11514.6592,2667.82346,4854.37646,9202.87435,9203.59414,4854.35682,9204.02727,124.148026,12069.2461,12069.6424
6648.51,4222.46,-36193.6,12.3807,1,,,,,,,,,,,,,,,,,,,,,,,,,,,,,,,,,,,,,,,
3709.31,8325.7,-5001.14,17.3206,1,123.3648377715757,20.88189081375824,0.0003289587788006249,0.0003290836527466321,1.8374205236154888e-07,3.0593101359409127e-09,0.999848714669474,4.496219502742281e-12,6443.69636,6443.36845,6444.23676,4799.13834,6443.91179,4798.27081,14482.1731,13664.6612,14481.9476,13756.7206,14482.1085,13664.5754,14481.8831,13756.6696,6351.48608,4550.62231,6352.86564,13105.6961,13437.9795,10970.8544,13109.3698,15901.0931,3893.15201,6990.77455,8010.86113,8014.03632,6990.75118,8013.82542,127.295004,9794.35829,9794.54514
2675.3,4415.96,10957.9,48.2065,1,,,,,,,,,,,,,,,,,,,,,,,,,,,,,,,,,,,,,,,
4725.58,4720.97,15325.8,6.50853,1,145.6277027888914,19.97179673891391,0.00032891956559492674,0.0003295678288307773,4.348107776165423e-07,3.0592101787263505e-09,0.9999634116336772,3.0032663725515263e-12,5591.90434,5591.80038,5592.87429,5025.69226,5592.77044,5025.4609,9480.72019,9085.11631,9480.3917,9129.7012,9480.69683,9085.10586,9480.36835,9129.66289,5562.50115,4960.00988,5563.50247,8483.25549,9058.75552,6905.48377,8484.22331,9443.20313,2156.3741,3936.13201,4978.48106,4982.34024,3936.10161,4981.94708,120.574006,7522.56088,7522.66138
5196.7,7232.04,-26917.9,26.493,1,0.5425851403733928,24.965673986082294,0.0003289870742811322,0.0003278521516904387,6.810589324561097e-06,3.072755720633857e-09,0.9997789861047035,6.148007717469489e-12,6934.94712,6930.62263,6935.79417,5824.75965,6931.47781,5814.43762,13346.7223,12682.2363,13346.4557,12759.2814,13346.4207,12681.7494,13346.1545,12759.1312,5780.56497,2165.3038,5783.53009,9130.35453,11159.9039,3340.59746,9138.9083,13942.0599,3387.99058,6137.2809,13432.6215,13433.0331,6137.26159,13433.2105,112.263958,12570.2608,12567.117
1125.9,9640.54,-5436.36,41.7935,1,0.5985066957354515,24.884324498122172,0.00032893314826013757,0.0003287972946667429,7.796626353213843e-08,3.0816664633928956e-09,0.9986944912749905,1.052458059285917e-11,6191.03277,6189.55579,6191.37047,3704.68744,6189.89868,3699.81083,16084.9252,15096.4784,16084.7197,15208.6889,16084.7003,15096.0537,16084.4948,15208.6348,5816.3897,2187.90798,5818.31478,13940.0837,14222.7837,12357.1346,14223.8365,18163.8512,4519.13902,8093.30118,9027.2561,9030.49115,8093.27685,9030.30059,127.72513,8072.17853,8072.42214
1207.08,5986.9,-1617.49,24.3962,1,1.175836987121519,24.229108420931894,0.00032888692368115334,0.00032905697254023697,5.037214045891247e-07,3.0616491230945454e-09,0.9992744049135337,1.4944861829464106e-11,4006.18948,4005.90723,4007.28277,2511.32825,4007.00604,2510.44844,10385.7028,9784.49143,10385.3884,9851.0481,10385.6416,9784.39334,10385.3274,9851.01632,3927.52488,2255.29834,3930.20638,9458.52246,9524.05491,8114.80825,9467.07463,11619.1103,2750.49348,4986.70754,5633.47376,5638.34852,4986.67303,5638.10144,126.110091,6302.14076,6302.49804
5962.82,3530.87,18218.1,19.284,1,246.99831249648918,19.14311913201976,0.00032891967685780586,0.0003293803908909872,5.565038179072182e-07,3.0543853829962896e-09,0.9996922065456318,9.1951943972552e-12,6358.52948,6357.36384,6359.4555,6094.34039,6358.29184,6091.90422,8594.61332,8356.39071,8594.22612,8383.15556,8594.525,8356.26569,8594.1378,8383.09859,6028.30488,5381.95706,6029.52063,7051.85596,8058.24228,5155.68364,7053.11653,7311.22983,1600.92907,2954.42135,5213.03501,5214.44596,2954.39268,5214.75202,122.375005,7504.01714,7504.75038
4495.7,1698.0,1582.28,11.23,1,2.9590810235091936,23.071418721230245,0.0003288034964807023,0.0003294316762685262,9.635238114811412e-07,3.05681218856094e-09,0.9997039042016471,1.8196880473197886e-11,4613.69862,4613.60946,4614.7906,4534.95757,4614.70158,4534.77555,5449.04147,5363.31832,5448.4338,5371.32806,5449.02176,5363.30139,5448.41433,5371.30458,4588.42194,4483.21047,4589.54465,4721.39165,5318.42217,3817.38797,4724.36068,3805.71058,745.071318,887.486354,887.832844,1434.73333,880.288938,1434.18209,121.066554,4613.72932,4614.78511
5852.6,7395.39,15245.6,22.8416,1,202.53780250599561,20.09380378135304,0.00032893960128683444,0.0003292596830671467,3.553612305802785e-07,3.0563568443357416e-09,0.9996507909023972,6.361411906632129e-12,7483.11984,7482.07736,7483.90166,6438.68254,7482.86131,6436.26773,13800.1325,13132.7899,13799.8955,13208.7896,13800.0627,13132.6808,13799.8257,13208.7512,7190.81924,5737.95698,7192.3367,12580.0829,12847.1953,10824.7713,12581.3406,14325.6756,3436.48604,5606.11284,5611.32018,6197.98478,5605.74718,6197.95948,125.003801,8496.40683,8496.61488
991.472,7357.32,-2596.04,31.4119,1,1.1330023442749575,24.318114174989105,0.0003289116501836462,0.0003289070844767559,1.747806846616427e-07,3.0667662459637377e-09,0.9990569174204764,1.3316862499167463e-11,4777.87559,4777.3149,4778.59167,2877.24812,4778.03604,2875.41389,12525.5626,11778.4019,12525.3006,11861.9971,12525.4555,11778.213,12525.1935,11861.9582,4624.74066,2332.87607,4626.8493,11258.119,11318.8833,9754.64124,11315.4185,14091.5162,3407.71549,6146.67263,6843.48671,6847.91578,6146.64257,6847.69485,126.834847,7120.3627,7120.67412
4783.71,3310.13,-5992.72,19.8776,1,163.7853164166003,19.47308990369888,0.00032888577742879653,0.0003282359874536781,3.5086399400707356e-07,3.0618083878762376e-09,0.9994968436175664,1.3817697210539104e-11,5221.84237,5221.36716,5222.86771,4931.79356,5222.3957,4930.78183,7590.92984,7348.51261,7590.5024,7374.20211,7590.8659,7348.42147,7590.439,7374.15978,5087.76936,4642.17829,5089.44389,6418.82027,7102.62903,5016.84992,6425.75556,6896.06909,1511.28747,2795.02134,4230.86447,4233.05089,2794.98896,4233.34853,125.845374,6203.48167,6204.3645
1172.37,5910.36,-6380.47,46.0686,1,,,,,,,,,,,,,,,,,,,,,,,,,,,,,,,,,,,,,,,
6324.71,7728.79,4247.18,27.4393,1,223.51756607276343,20.0666128268025,0.00032894203286919026,0.00032909437719158384,3.493667866950972e-07,3.0577934683750876e-09,0.9995026702149742,7.113720377792117e-12,7982.86639,7982.10221,7983.61132,6919.28256,7982.85016,6917.52596,14483.9192,13790.4914,14483.6938,13869.0776,14483.8289,13790.3393,14483.6035,13869.0385,7764.90076,6406.96534,7766.61225,13161.7233,13376.3965,11416.6971,13164.3484,14971.8562,3608.50452,5549.63476,5552.71742,6502.46858,5549.22826,6502.44597,126.160882,8613.90933,8614.13151
5858.32,5063.67,8499.03,46.2408,1,7.5889921746746865,22.148830420062488,0.00032879972537622453,0.0003292732267326167,1.2882743930498915e-06,3.056223551794915e-09,0.9948773220698818,2.308299485384042e-11,6673.35045,6670.68092,6674.26077,6137.93297,6671.59596,6132.12379,10538.4245,10132.02,10538.1143,10177.3802,10538.2548,10131.6967,10537.9444,10177.3488,5927.67165,4351.15025,5930.88753,9160.16176,9238.85416,8150.34138,9166.06754,10155.0539,2324.24321,3481.81917,3485.51164,4245.0845,3481.19834,4245.05507,124.343529,4556.25045,4557.36709
2865.51,6214.02,-4819.58,7.65223,1,80.92946102139545,20.873651672315294,0.000328934211479239,0.0003293295216569439,1.9893060529841221e-07,3.0593389125820685e-09,0.99995776654585,3.47737005660967e-12,4886.21022,4886.15093,4887.1669,3661.45596,4887.10825,3661.29994,11053.3827,10449.6915,11053.0969,10516.6778,11053.3549,10449.6761,11053.0694,10516.6347,4869.45793,3617.18817,4870.59427,9993.50945,10409.8719,8218.02543,9998.28002,12082.4315,2872.10021,5199.75964,6580.37812,6583.09733,5199.73093,6582.81454,125.302483,8204.45397,8204.61547
7387.38,1442.38,-35356.4,14.9631,1,,,,,,,,,,,,,,,,,,,,,,,,,,,,,,,,,,,,,,,
6133.15,7177.5,-23105.3,37.0606,1,,,,,,,,,,,,,,,,,,,,,,,,,,,,,,,,,,,,,,,
7873.04,3167.5,17675.2,22.3025,1,495.507601990546,18.339560945593163,0.00032893646296040525,0.0003293098095812613,3.857758361169081e-07,3.0537310625077363e-09,0.9996624158742153,8.687619901071012e-12,8106.38049,8104.96532,8107.20632,7950.05934,8105.79331,7947.16765,9589.92565,9423.95966,9589.56815,9441.92051,9589.8059,9423.77805,9589.4484,9441.85755,7706.78034,7110.78885,7707.75483,7714.41055,8987.14204,5693.77915,7715.48449,6727.80246,1438.54591,2668.0831,4704.88034,4706.33422,2668.05554,4706.17561,123.020689,8324.13679,8324.87425
5064.71,9516.51,-16083.1,13.162,1,207.0332509025944,20.32178755201502,0.0003289906740344083,0.0003289979433356207,1.4411120717413578e-07,3.059616200741179e-09,0.9999552847391528,2.314239473405941e-12,7853.60738,7853.07525,7853.99509,6141.14123,7853.4651,6139.78963,16641.2396,15720.1463,16641.0432,15824.5573,16641.1508,15720.0515,16640.9547,15824.465,7703.51235,5751.7082,7704.48792,14394.6762,15470.4046,11020.3525,14398.4719,18054.0382,4490.3408,8043.55348,11704.1411,11705.0216,8043.53519,11705.0341,128.873151,13670.3043,13670.4058
2263.83,1052.63,-8304.85,19.2796,1,,,,,,,,,,,,,,,,,,,,,,,,,,,,,,,,,,,,,,,
6763.82,6571.78,-17485.4,12.1406,1,274.8307600138999,19.640286527530158,0.0003289832726419109,0.0003288618958251511,4.1941009256544715e-07,3.059743255076025e-09,0.9999534227624536,2.6153187831200713e-12,7932.4592,7931.96245,7933.26747,7171.1005,7932.7721,7169.99872,13087.4005,12537.9136,13087.1533,12600.021,13087.314,12537.8292,13087.0673,12599.9246,7792.0359,6855.79297,7793.18811,10732.7481,12312.1488,7298.3468,10737.7934,12933.7752,3078.36272,5581.84762,9969.09083,9969.76328,5581.82773,9970.26809,128.751903,12399.7178,12399.8339
2021.28,6796.89,2962.4,43.7449,1,1.1709487777091694,24.356332553396875,0.00032884811925700967,0.00032896707183648803,1.9546732042253252e-07,3.0875235697594096e-09,0.996734304195174,2.0559496761012262e-11,4774.01769,4773.2636,4774.97732,3208.0063,4774.22806,3205.80721,11773.1095,11093.9632,11772.8306,11170.5699,11772.9821,11093.7203,11772.7031,11170.5418,4563.07998,2529.52423,4565.49999,10410.933,10675.8368,9497.49806,10677.1425,13101.9843,3138.50531,5459.35411,5473.91426,5680.10151,5459.05481,5680.05292,125.781476,5356.41419,5356.8703
1578.89,4026.22,2506.29,31.8286,1,8.507087572609324,23.135095425922398,0.0003287492291776767,0.00032918420721383436,5.592302843298247e-07,3.069947382249621e-09,0.9968444172743611,3.8312352809321636e-11,3032.89803,3032.58352,3034.3423,2165.48527,3034.03315,2164.61326,7314.19453,6923.3765,7313.74925,6966.20202,7314.14576,6923.29034,7313.70042,6966.18427,2944.21296,1907.78003,2947.07482,6674.72088,6716.39486,5898.81871,6711.88029,8028.30102,1820.85816,3310.7155,3432.81633,3458.44562,3310.30911,3458.12378,123.979101,3949.26411,3950.00002
570.811,7270.59,-1360.59,28.1041,1,1.264523525094552,24.19869808796916,0.0003289114859720204,0.00032901630686627285,1.8817718448871327e-07,3.062661022071369e-09,0.9992464097415257,1.2403034550719323e-11,4654.48265,4654.1134,4655.21158,2729.6765,4654.84625,2728.43775,12361.0939,11621.2537,12360.8288,11703.9874,12361.0101,11621.1111,12360.745,11703.9516,4551.89383,2365.40956,4553.80267,11228.0864,11277.3013,9731.04797,11273.7494,13932.3405,3362.90974,6065.29956,6562.22817,6568.49356,6065.26715,6568.25493,126.597747,7125.27787,7125.59077
7341.05,7688.92,-15867.9,6.04819,1,330.4437270104273,19.63425678761942,0.0003289912463466136,0.0003290825782388178,1.9996667556449028e-07,3.0595905999141973e-09,0.9999907304262222,1.0624353840258186e-12,8791.0015,8790.88925,8791.72961,7852.57555,8791.61771,7852.32421,14899.0532,14239.1494,14898.8452,14314.0242,14898.9985,14239.1277,14898.7909,14313.9315,8759.25878,7781.31783,8760.0838,12690.169,14183.5946,9291.51714,12694.2448,14963.6273,3616.01734,6522.90799,10481.0999,10482.0775,6522.88934,10482.3595,126.467838,13821.7381,13821.7826
1429.16,8869.09,-6079.87,33.8897,1,1.0766362279995205,24.41122027799672,0.00032894138883602443,0.0003288356280807316,1.6898770982771528e-07,3.068778712596813e-09,0.9992362396008494,9.803825182360909e-12,5789.74118,5788.60603,5790.10501,3551.26651,5788.9743,3547.609,14919.5168,14015.1933,14919.296,14117.1015,14919.3532,14014.8985,14919.1323,14117.0483,5488.92874,2429.37806,5491.09402,13205.0102,13265.1554,11323.2775,13258.6079,16797.9928,4144.02028,7440.42392,8665.45269,8667.93528,7440.39912,8667.75006,127.743094,8534.89024,8535.12602
2376.92,1266.26,-14014.1,40.2122,1,,,,,,,,,,,,,,,,,,,,,,,,,,,,,,,,,,,,,,,
117.382,5268.51,97.5799,20.0904,1,0.894258798392798,24.43782959213783,0.0003288558214886506,0.00032933629534820597,4.303067998213023e-07,3.0591026877417995e-09,0.9993620125928029,1.6914934378502353e-11,3372.79929,3372.67872,3374.06896,1944.28806,3373.95186,1943.88015,9162.70352,8631.64411,9162.34851,8690.04157,9162.66657,8631.59055,9162.31168,8690.01655,3338.84599,1826.31722,3341.09877,8445.89376,8491.69661,7286.70636,8454.44989,10295.6429,2402.84607,4370.05861,4797.94236,4805.47998,4370.01613,4805.18351,125.308124,5537.8362,5538.24971
2406.52,5902.52,-2071.93,6.2365,1,59.843451592911535,21.28936504499098,0.00032891725329058184,0.00032949658577991316,2.0705529628908457e-07,3.059353208359632e-09,0.999965588390051,3.297023494673293e-12,4467.92611,4467.90054,4468.93317,3238.30402,4468.908,3238.23486,10458.6123,9880.78817,10458.3158,9944.85793,10458.592,9880.78001,10458.2957,9944.82335,4460.69454,3218.70652,4461.8183,9581.66985,9859.78787,8040.39312,9586.27321,11502.2667,2717.45781,4922.56484,5826.14013,5830.55026,4922.53195,5830.1859,123.672939,7414.02098,7414.16076
1825.1,1053.46,10459.5,44.766,1,,,,,,,,,,,,,,,,,,,,,,,,,,,,,,,,,,,,,,,
2909.85,9346.27,14542.8,13.6191,1,5.497796468801662,23.52489921551067,0.00032895198016675344,0.0003293206811119957,7.790569408306378e-08,3.0585824152586173e-09,0.9998967531288857,3.1635160236304167e-12,6576.15664,6575.85987,6576.46181,4484.37614,6576.16534,4483.51708,15837.4246,14897.8493,15837.2185,15005.5107,15837.3918,14897.8139,15837.1858,15005.4765,6492.66066,4237.27275,6493.05068,14802.355,14824.8951,12872.6825,14823.6077,17670.5935,4361.37582,6948.78312,6952.46966,7801.87422,6948.42199,7801.84813,125.359727,9317.41457,9317.58301
2365.76,1772.01,-3782.94,35.8417,1,37.053832466241076,20.409082899706156,0.00032859930953633336,0.00032103178600510117,1.754847524204462e-06,3.3045583008825524e-09,0.9918292462068676,8.974197826680391e-11,2625.84718,2624.95063,2627.43558,2453.1379,2626.56219,2451.18974,4082.4911,3948.53625,4081.70396,3962.14438,4082.40951,3948.38784,4081.62265,3962.11762,2378.76613,1879.51047,2383.53492,3270.91405,3539.32645,2621.27831,3291.46438,3827.30664,788.543714,1480.3524,2569.89496,2572.05661,1480.29682,2572.67261,124.25379,2751.97816,2753.63621
1739.84,9125.28,-9499.93,10.4574,1,3.4220047717058875,23.808274035266752,0.00032897496792172617,0.00032912522332686096,8.03568571575918e-08,3.05943666889644e-09,0.9999594275309662,2.858050764691683e-12,6023.13165,6022.93756,6023.46416,3770.42746,6023.27148,3769.81786,15347.0765,14418.8306,15346.8658,14523.2297,15347.0253,14418.7875,15346.8148,14523.1648,5968.42214,3595.34876,5969.16409,13778.4313,14307.2807,11165.031,13782.21,17261.3408,4270.55184,7659.9339,9861.32391,9862.89227,7659.91075,9862.69179,127.583796,11403.4081,11403.5344
1304.07,3074.8,-4365.2,41.5468,1,0.02486183745075253,26.985522134683418,0.0003286684398574162,0.00032557272040570486,1.3586759782670141e-06,3.342451677975947e-09,0.9920626180842492,7.912745418551072e-11,2380.83663,2379.61404,2382.56119,1731.15507,2381.36403,1727.79828,5727.47488,5432.57382,5726.90566,5463.90352,5727.3616,5432.36116,5726.79228,5463.87367,2084.12438,598.838194,2091.7754,4779.36929,4864.929,4040.85142,4808.42614,6234.80863,1383.37734,2556.36209,3857.59053,3859.59239,2555.98448,3860.11453,125.27605,3208.72278,3210.16696
3869.37,925.334,249.154,11.0357,1,0.018085378577819954,27.55709749913809,0.00032873634428796564,0.0003292300788561403,2.097804925996312e-06,3.0555574311472115e-09,0.9995792484916883,2.5752980657421867e-11,3902.93915,3902.86604,3904.14662,3880.89416,3904.07362,3880.74661,4214.65445,4186.41629,4214.00319,4188.29826,4214.6369,4186.40164,4213.98634,4188.27679,3882.21016,3838.96051,3883.43555,3555.42024,4147.43516,2767.55257,3559.05915,2213.53262,311.59224,335.092364,418.399858,788.125485,326.001158,788.283092,119.716807,3819.48102,3820.38553
1940.2,2108.83,-358.387,42.4087,1,16.4798615987789,21.357515154349947,0.0003284655677721209,0.0003253312938750265,1.1828671545604618e-06,3.3547437092963118e-09,0.9831255706646831,1.2131689286211906e-10,2371.49759,2370.91702,2373.23322,2089.22805,2372.66951,2087.89583,4376.72691,4197.28257,4375.99259,4216.20621,4376.66246,4197.15946,4375.92786,4216.19044,2205.82516,1685.89504,2211.07398,3792.24469,3862.34661,3331.48988,3813.43263,4443.94401,936.233549,1741.52085,2119.82902,2128.13723,1741.48009,2128.39353,122.496866,2273.59721,2275.4999
7181.23,476.741,25760.0,36.6914,1,,,,,,,,,,,,,,,,,,,,,,,,,,,,,,,,,,,,,,,
906.095,3998.56,4881.92,31.3489,1,0.40419372244660584,24.837490646031352,0.00032872426632210415,0.00032958869992949865,6.129214545541012e-07,3.061413914522548e-09,0.9965679511222199,4.268448406581626e-11,2727.20753,2726.76966,2728.76212,1730.15783,2728.32933,1728.79324,7151.21187,6755.83636,7150.75594,6799.15356,7151.17068,6755.76387,7150.71463,6799.13816,2608.53543,1318.536,2611.41,6550.40371,6619.20123,5845.24176,6618.62609,7952.79554,1800.37564,3253.80314,3320.89542,3367.64898,3253.6443,3367.3881,123.394536,3720.5796,3721.25837
9972.79,4852.86,-38942.1,26.5659,1,,,,,,,,,,,,,,,,,,,,,,,,,,,,,,,,,,,,,,,
2138.48,633.836,-6202.42,31.2061,1,,,,,,,,,,,,,,,,,,,,,,,,,,,,,,,,,,,,,,,
3917.02,3665.34,9687.15,29.8165,1,86.47540536102808,20.234336607766714,0.0003288059634653287,0.0003294626360597208,8.23759132562704e-07,3.04636137413597e-09,0.9980272915636776,2.6112292989814434e-11,4557.97272,4556.74802,4559.09675,4137.28483,4557.87552,4134.58603,7589.52199,7289.19681,7589.09449,7322.16117,7589.45289,7289.07773,7589.02521,7322.13551,4216.47834,3338.29392,4218.54759,6725.87118,6979.91374,5756.83691,6728.13704,7467.86685,1657.28062,3035.33472,3244.06564,3259.13677,3035.27337,3258.78532,122.623449,4653.58366,4654.53339
1521.51,3223.86,5570.46,6.39191,1,24.226059412089477,21.383255099430755,0.0003287399643320373,0.00033093805096205453,8.638398965853451e-07,3.0584795160195816e-09,0.9998681180422185,1.0047420513751672e-11,2577.34886,2577.32121,2578.92778,1929.41486,2578.9004,1929.34152,6006.29488,5699.6489,6005.77929,5733.07529,6006.28634,5699.64545,6005.77084,5733.06069,2569.5332,1908.60703,2571.1868,5589.888,5690.70353,4830.22267,5593.61513,6524.94559,1442.05263,2641.55927,2889.89642,2906.20166,2641.17035,2905.55086,119.587205,3905.13227,3905.58063
2403.53,5172.33,-5364.7,24.0765,1,38.674725851720474,21.73364835031331,0.00032888987568627963,0.0003286924163738993,4.856775161211605e-07,3.0650913854404374e-09,0.9993070704275553,1.556963328938451e-11,4089.94236,4089.37515,4091.08985,3064.85537,4090.52854,3063.35449,9326.45351,8826.5742,9326.10409,8881.42125,9326.37697,8826.45212,9326.02776,8881.38091,3932.56737,2626.0478,3935.39724,8219.40758,8497.59974,6799.72021,8226.70194,10166.6172,2375.73642,4326.47239,5772.77169,5774.93243,4326.44084,5775.0138,126.670346,6360.22063,6360.55147
7067.93,294.868,37038.7,2.47569,1,,,,,,,,,,,,,,,,,,,,,,,,,,,,,,,,,,,,,,,
7322.64,4282.42,-42267.8,9.54792,1,,,,,,,,,,,,,,,,,,,,,,,,,,,,,,,,,,,,,,,
2159.37,1544.11,-9541.12,45.4258,1,,,,,,,,,,,,,,,,,,,,,,,,,,,,,,,,,,,,,,,
8053.01,2130.24,-7958.89,41.5782,1,437.5458009452853,18.06474096799426,0.0003288503570801012,0.0003261858543519464,4.26556440150595e-07,3.099543965712418e-09,0.9967529455674521,2.2304220815547806e-11,8148.0968,8145.25591,8148.92101,8084.63084,8146.09016,8078.87654,8856.60162,8779.19366,8856.20694,8785.96728,8856.32515,8778.68676,8855.93085,8785.90979,7341.03459,6347.4983,7341.73498,6524.0692,7372.86014,5321.99377,6530.05237,4800.10892,978.832936,1843.76593,2857.2789,2860.0419,1843.7319,2860.00317,125.253045,5243.85134,5244.90886
623.994,1731.22,1600.66,35.4236,1,0.14008482129060032,25.3355401502984,0.0003282449160571203,0.0003278325212255312,4.123391233417822e-06,3.229661719749124e-09,0.9801239836059815,2.338061483837158e-10,1292.68874,1292.49138,1295.52251,896.260449,1295.34202,895.680538,3338.1886,3174.02577,3337.21749,3191.03265,3338.16396,3173.97948,3337.19249,3191.02436,1238.31403,723.742653,1245.44679,3026.29742,3068.06985,2701.85007,3061.274,3646.19635,754.288701,1401.69818,1642.18481,1655.40627,1401.84512,1655.58396,120.478814,1739.71474,1742.01358
4045.05,5439.72,-7120.91,11.258,1,116.39080659338512,20.310090867726615,0.0003289340847196665,0.000329105537332556,2.4466882531171565e-07,3.0593248913287443e-09,0.9999076272922285,5.0031342110985475e-12,5323.91333,5323.73843,5324.90124,4507.52784,5324.72748,4507.11466,10258.5329,9763.59674,10258.2201,9818.20336,10258.4917,9763.5593,10258.1792,9818.15377,5274.53053,4389.94697,5275.83377,9032.01843,9665.68051,7186.04468,9037.43675,10737.1132,2512.66892,4573.30582,6389.18758,6391.19706,4573.27887,6391.03962,126.5432,8164.20201,8164.41465
892.543,1842.32,-3782.35,18.6501,1,5.925988692221718,22.631789037420486,0.0003286225104843975,0.00032543558516933893,2.7792564183509256e-06,3.0867025337201894e-09,0.9980440730991513,9.173213072151646e-11,1499.17912,1498.90789,1501.61764,1125.41601,1501.35859,1124.68282,3592.32872,3420.28083,3591.43579,3437.9128,3592.29712,3420.23595,3591.40556,3437.88755,1423.27342,905.267463,1428.69072,3030.65794,3300.18078,2294.24104,3053.06964,3870.72044,812.281125,1519.39352,2774.12476,2776.00046,1519.49051,2776.84367,124.748267,2931.97317,2933.54234
1281.21,3982.66,-2952.71,44.8872,1,0.1138665370814211,25.919460825893317,0.00032871064808715747,0.0003274086676939905,6.754060664852e-07,3.2667857268634315e-09,0.9923457122865104,5.728677092851852e-11,2868.53896,2867.59763,2870.03665,1950.20755,2869.11218,1947.45727,7195.38578,6804.85434,7194.93146,6847.32292,7195.26286,6804.62012,7194.80836,6847.2951,2634.24474,1108.63963,2639.60073,6154.31929,6249.00485,5438.29303,6247.053,7935.9478,1806.02637,3313.76005,4253.37402,4256.59815,3312.9627,4256.91232,125.312342,3553.45627,3554.77451
6602.27,3607.84,-12307.2,42.2602,1,211.6820303137152,19.321118719310356,0.00032887063789265324,0.00032627509263226287,5.310533424361189e-07,3.1830054160310352e-09,0.9972938173948005,1.7384155015867502e-11,6980.14715,6976.34409,6981.02596,6728.7973,6977.23919,6720.86632,9157.65527,8921.80175,9157.29049,8946.76735,9157.35556,8921.25293,9156.99078,8946.69598,5946.68093,4310.28976,5948.95598,6627.49073,7380.30853,5034.3081,6638.09438,7538.71284,1669.42361,3086.12489,5944.54285,5945.2453,3086.09754,5945.87684,127.910731,5683.44619,5684.44551
4248.94,9206.75,-4369.03,14.5945,1,163.95210350686833,20.60085188083135,0.00032896943147562425,0.000329125480595859,8.466388028968456e-08,3.0592070886753123e-09,0.9999115109122425,3.076707578132721e-12,7199.46819,7199.23323,7199.72363,5418.42109,7199.49039,5417.80513,15942.1492,15038.5201,15941.9446,15140.8582,15942.0933,15038.4553,15941.8889,15140.805,7133.05093,5242.69997,7133.91738,14516.1065,14868.4765,12184.1907,14519.1693,17487.4994,4321.84006,7735.95653,8499.06521,8503.39916,7735.93417,8503.17567,127.271839,10788.7375,10788.8883
4745.1,4912.92,7076.76,21.3226,1,132.87090712726655,20.091047908793648,0.0003288836686174646,0.00032937835908775824,4.021778499443428e-07,3.055585879994489e-09,0.9994278555395573,1.2184690347929998e-11,5676.0909,5675.63322,5677.07609,5069.88205,5676.61978,5068.85797,9772.67013,9355.13499,9772.33888,9401.53061,9772.62643,9355.06978,9772.29518,9401.50378,5546.76478,4775.5643,5548.15048,8901.71345,9179.85492,7672.71307,8903.88287,9820.2947,2250.5371,3587.02262,3592.92372,4112.32523,3586.45945,4112.29151,124.12288,6232.66165,6232.99417
9781.74,7772.93,-42201.7,7.32175,1,,,,,,,,,,,,,,,,,,,,,,,,,,,,,,,,,,,,,,,
3035.42,5218.82,4048.76,41.0739,1,19.834114579501847,21.68956004162353,0.0003288034281118286,0.00032903161976618187,3.3894041748758363e-07,3.0785106591046796e-09,0.9960937508242891,2.7210594934547644e-11,4507.54514,4506.61845,4508.63701,3585.8528,4507.71555,3583.53867,9566.64323,9073.17884,9566.30154,9128.30759,9566.54571,9072.9953,9566.2039,9128.28414,4247.36155,2886.21076,4249.67451,8551.93566,8651.32576,7675.79651,8650.45175,10277.0426,2390.49356,4097.74614,4109.81903,4360.41005,4097.365,4360.363,124.758242,4600.09145,4600.86705
6913.36,5200.99,-2369.71,17.3534,1,286.9306668651959,19.371654797803135,0.0003289387870826698,0.0003290241583097126,2.396981653165548e-07,3.0585745228384632e-09,0.9997912526860177,6.241222062214829e-12,7646.00624,7645.65356,7646.85467,7164.38419,7646.50287,7163.62909,11316.5258,10921.0399,11316.238,10964.0691,11316.4698,10920.9669,11316.1821,10964.0257,7545.94135,6948.42307,7547.0129,10026.1442,10726.6708,8317.12989,10029.3927,10504.8287,2407.6163,4361.72982,4476.71342,4505.32922,4361.61086,4505.04627,125.74839,8410.45104,8410.64244
7028.53,9004.47,-21575.7,7.95971,1,312.1543211220023,19.854124975364147,0.0003290002765907212,0.0003290175319178769,2.852135956646013e-07,3.059608232886852e-09,0.9999877188091346,1.180632160097978e-12,9028.27195,9027.99699,9028.92544,7751.64651,9028.65114,7751.00659,16603.6391,15785.6647,16603.4461,15879.4627,16603.5602,15785.6177,16603.3676,15879.3446,8950.49591,7569.36683,8951.33185,13843.7269,15663.4089,9519.66123,13847.7923,17251.0716,4256.99675,7644.53918,12993.9729,12994.6208,7644.52233,12995.081,128.40797,15793.2958,15793.3543
2225.26,7996.42,-10269.4,31.0381,1,0.7386127911728995,24.61935457231429,0.0003289462172840638,0.00032868618681277447,1.5147635449281692e-06,3.0695548693579623e-09,0.9994015956639607,1.012501818101314e-11,5537.99311,5536.32273,5538.62973,3683.79274,5536.97135,3678.84195,13677.1886,12873.2572,13676.9477,12963.0209,13677.0158,12872.9545,13676.775,12962.9565,5095.8146,2078.16524,5100.49644,11801.282,12048.8356,9716.65048,11808.3477,15248.5225,3730.91708,6718.82416,9056.90979,9058.33875,6718.79955,9058.14168,128.27701,8807.39914,8807.60023
2756.82,3066.14,-6340.02,4.99745,1,55.01561623037188,20.517394206103685,0.0003288679205224674,0.0003294237870946275,1.025622357557397e-06,3.05942574096463e-09,0.9999639576615467,5.712615980222682e-12,3388.50207,3388.46981,3389.75931,2976.84238,3389.72768,2976.76844,6193.06295,5929.01331,6192.58535,5957.61972,6193.04076,5929.00676,6192.56433,5957.5788,3379.37658,2955.89457,3380.8118,5284.93657,5912.3536,3886.28487,5295.52817,6302.74829,1386.87231,2565.27858,4593.7559,4595.65278,2565.07535,4596.11532,122.542884,5823.91272,5824.73422
8060.77,1508.66,-23874.7,11.6903,1,,,,,,,,,,,,,,,,,,,,,,,,,,,,,,,,,,,,,,,
2785.85,5856.37,10211.4,31.177,1,1.815226041727376,24.082180859126346,0.0003288558293425908,0.00032938916995249985,3.907640006421435e-07,3.053298553742646e-09,0.9984733940649221,1.7238346149433795e-11,4656.33177,4655.17921,4657.36352,3514.61948,4656.21413,3511.59597,10466.1694,9899.71245,10465.8565,9963.34128,10466.1016,9899.59314,10465.7886,9963.31663,4341.75753,2598.35112,4343.60325,9572.19996,9617.76063,8437.34175,9613.59906,11411.4561,2685.05122,4599.64827,4611.05721,4877.42163,4599.28169,4877.37722,124.367433,5541.58358,5541.99844
1534.66,2929.22,-1661.74,30.9136,1,20.410474372047318,21.532138173706162,0.00032868660141705935,0.00032771180484471904,7.735916195752553e-07,3.1092173495920644e-09,0.9959403719387857,5.865159608568696e-11,2439.01283,2438.64724,2440.70949,1877.43833,2440.35483,1876.4863,5543.96418,5268.24728,5543.37932,5297.67887,5543.91017,5268.15242,5543.32543,5297.65803,2337.72071,1599.64235,2342.28066,4913.63699,5013.3041,4205.89356,4927.97507,5977.45248,1313.75093,2427.17084,3141.34599,3145.69311,2426.80467,3146.00665,124.207161,3373.54036,3374.88313
4641.24,5832.16,-6988.49,11.2176,1,147.23289521033092,20.18023513003985,0.00032894364318994797,0.00032911536517144034,2.0363224154657896e-07,3.059300149753784e-09,0.9999195555922462,4.19734443463478e-12,5936.37541,5936.20049,5937.30316,5106.0543,5937.12922,5105.6475,11069.5001,10545.634,11069.2103,10603.6504,11069.4576,10545.5957,11069.1682,10603.5992,5886.9739,4990.39435,5888.17276,9780.40131,10445.5202,7837.64072,9785.1823,11482.2726,2702.61203,4909.62707,6597.95807,6599.96047,4909.60179,6599.74255,126.560183,8717.15433,8717.34356
5216.82,538.186,-23718.5,26.5424,1,,,,,,,,,,,,,,,,,,,,,,,,,,,,,,,,,,,,,,,
5388.06,6492.82,-24874.2,32.391,1,,,,,,,,,,,,,,,,,,,,,,,,,,,,,,,,,,,,,,,
5849.81,8928.86,17851.9,23.143,1,206.2072828906934,20.30451157596216,0.00032895520449167145,0.0003292174471851216,3.970400695131873e-07,3.056901785450928e-09,0.9997163700692527,4.864832950001289e-12,8113.10501,8111.88423,8113.64066,6688.34154,8112.42301,6685.39751,16007.0768,15168.2802,16006.8714,15264.6053,16006.9991,15168.158,16006.7937,15264.5631,7771.02363,5828.31066,7772.72438,14675.2135,14849.1162,12671.5199,14676.5998,17038.1111,4174.94402,6693.87837,6697.70445,7484.98134,6693.54963,7484.95923,125.524985,9538.68881,9538.86898
5065.5,2272.37,-4672.1,35.0884,1,193.61422913554242,18.950770209575506,0.0003288036392025496,0.00032591153114717,4.661447487607278e-07,3.0986649054498328e-09,0.9969360843532267,3.4251445232380934e-11,5259.0481,5257.76503,5260.06616,5129.85391,5258.79165,5127.20551,6510.29026,6379.22672,6509.77871,6392.30822,6510.16119,6378.99713,6509.64993,6392.27048,4895.52239,4348.90586,4897.23189,5195.45411,5746.21117,4222.64187,5203.42309,4953.66837,1029.96648,1928.31274,2815.05762,2818.47539,1928.27393,2818.54387,124.555693,4481.04652,4482.21312
125.352,597.729,-696.902,36.2218,1,,,,,,,,,,,,,,,,,,,,,,,,,,,,,,,,,,,,,,,
1048.91,7743.69,799.398,7.1537,1,3.253761850835776,24.4242803405771,0.00032893839527603437,0.0003294141837868725,8.80981732295461e-08,3.0593277930017263e-09,0.9999652521385491,2.637197612580662e-12,5021.96524,5021.94164,5022.36783,3027.57257,5022.34468,3027.49684,13129.4101,12342.1472,13129.1699,12430.5368,13129.3889,12342.1369,13129.1489,12430.5024,5015.15579,3006.08914,5015.83444,12212.192,12315.488,10452.5636,12215.5214,14791.3809,3587.31943,6444.87188,6746.78042,6759.1622,6444.82788,6758.80891,124.547371,8451.59469,8451.71367
7488.78,7811.37,-44431.2,31.0012,1,,,,,,,,,,,,,,,,,,,,,,,,,,,,,,,,,,,,,,,
7408.05,106.489,-14861.1,44.3806,1,15544.258100807618,11.554320126342763,0.0003282066413360247,0.00032760141421967875,1.392909644182613e-06,5.6636023904975775e-09,0.955577280593254,8.330864605386045e-12,7391.34794,7386.60986,7392.21651,7400.86223,7387.02017,7391.82918,7359.25322,7368.69089,7358.76714,7367.75949,7358.76417,7367.89533,7358.29461,7367.70279,6082.4337,4448.08237,6081.69437,3573.53029,4417.00126,2501.15227,3591.84436,412.896315,65.7578933,141.607916,4117.19556,4117.37243,141.797084,4117.98069,126.673374,1666.11806,1668.30257
8276.14,8856.76,-23828.6,49.7508,1,,,,,,,,,,,,,,,,,,,,,,,,,,,,,,,,,,,,,,,
3676.0,6859.46,-6675.81,35.471,1,26.040346759741926,22.582397638705046,0.0003289156914413176,0.0003285906533856875,1.085387638388926e-06,3.0784145292232018e-09,0.9988370578381804,1.2445726195076073e-11,5702.98153,5701.5053,5703.85453,4451.90387,5702.38828,4448.14568,12266.2491,11606.8234,12265.9815,11680.4752,12266.082,11606.5201,12265.8143,11680.4241,5304.25663,3336.50629,5308.37133,10635.5934,10781.679,9002.2035,10644.613,13271.8436,3190.93848,5767.33919,7213.32317,7215.37098,5767.31402,7215.19059,127.408257,7246.51101,7246.8021
1265.07,7467.27,-5025.16,25.7189,1,1.3325326081044209,24.197626763353714,0.0003289310458933411,0.00032892815306372373,7.529341045946648e-07,3.062543802616483e-09,0.9994983133449382,1.0399867862625937e-11,4907.63277,4907.0431,4908.34057,3020.09266,4907.7588,3018.21461,12723.6051,11966.831,12723.3474,12051.2676,12723.51,11966.6747,12723.2525,12051.222,4745.35486,2461.77269,4748.57088,11422.6553,11548.4513,9653.19157,11429.4138,14291.5931,3463.87044,6248.41142,7460.79101,7463.34726,6248.38361,7463.15003,127.259622,7981.45051,7981.71252
3801.82,1246.97,21083.0,7.79455,1,,,,,,,,,,,,,,,,,,,,,,,,,,,,,,,,,,,,,,,
8182.7,5886.61,-28886.5,21.7125,1,,,,,,,,,,,,,,,,,,,,,,,,,,,,,,,,,,,,,,,
8594.86,2689.84,21140.0,41.5345,1,394.18514533563126,18.39886806966128,0.0003288972680098937,0.0003292423325838181,3.4768015507618085e-07,3.003374774904141e-09,0.9983540984773199,1.3757789732888674e-11,8742.88142,8736.94666,8743.6802,8643.48593,8737.76249,8631.44351,9751.7211,9637.66663,9751.35899,9649.71389,9751.33818,9636.96854,9750.97517,9649.63067,7092.50698,4761.88385,7093.34173,6845.49019,8198.61418,4731.29491,6847.63376,5802.45441,1210.06978,2258.20255,5686.8273,5687.5832,2258.1742,5688.10686,123.584648,6639.7496,6640.59939
5676.97,5605.02,-15175.8,37.6284,1,123.7235044856575,20.332563041228784,0.0003289280685914238,0.00032763817791029023,1.1174685980004577e-06,3.110049426530353e-09,0.9988398475750666,1.1478840755178097e-11,6697.87575,6694.03946,6698.76958,6033.59187,6694.94524,6025.04349,11225.1406,10753.499,11224.8484,10805.4511,11224.8542,10752.98,11224.562,10805.367,5673.47374,3335.4463,5677.34467,8528.38625,9267.75281,6351.20625,8537.69363,11113.0593,2611.82369,4759.1658,8430.35078,8431.02131,4759.14258,8431.46478,128.958171,7670.06939,7670.81251
5240.83,861.816,-12089.8,6.11017,1,,,,,,,,,,,,,,,,,,,,,,,,,,,,,,,,,,,,,,,
8996.67,92.6463,20519.5,41.8579,1,,,,,,,,,,,,,,,,,,,,,,,,,,,,,,,,,,,,,,,
9268.79,3410.62,43354.9,49.148,1,,,,,,,,,,,,,,,,,,,,,,,,,,,,,,,,,,,,,,,
5835.02,3597.57,-9422.81,38.8137,1,193.54644191099533,19.407457515549222,0.000328866712658521,0.00032677870634470924,3.873808038610868e-07,3.1317042363594744e-09,0.9976643858339822,1.9506741439016635e-11,6260.19039,6257.65608,6261.12117,5978.07675,6258.59876,5972.74173,8625.6795,8375.24832,8625.29702,8401.82763,8625.46191,8374.85432,8625.07953,8401.76991,5562.5434,4387.03609,5564.89091,6652.90283,7276.78578,5254.55299,6662.37398,7482.58124,1657.14409,3060.99801,5197.56623,5198.66973,3060.96914,5199.13716,127.098535,5624.3073,5625.31959
4869.32,633.343,17870.9,27.2145,1,,,,,,,,,,,,,,,,,,,,,,,,,,,,,,,,,,,,,,,
1003.17,4487.75,-4031.6,43.1471,1,0.046507539791507665,26.58948042612717,0.00032876752576298316,0.0003276684374454457,6.588529977663085e-07,3.2041453957088675e-09,0.9946971203940118,4.7197679657151984e-11,3053.94698,3052.832,3055.36168,1936.92686,3054.26231,1933.44129,7968.88671,7522.7878,7968.4757,7571.39411,7968.7509,7522.53101,7968.33977,7571.36157,2784.91242,785.674021,2789.88708,6810.36205,6898.11741,5950.19514,6894.30647,8861.03393,2043.9339,3739.05019,4904.72956,4907.30562,3739.01095,4907.62943,125.758941,4101.13856,4102.31366
5384.65,6093.88,3600.37,33.4612,1,138.55026434858792,20.318726202718903,0.00032889715131342314,0.00032902312987913805,5.117445787465358e-07,3.059048042836039e-09,0.9987385026512573,1.334708404662571e-11,6622.78874,6621.81803,6623.67549,5822.33953,6622.7087,5820.13492,11753.4472,11219.5662,11753.1704,11279.5073,11753.3457,11219.3838,11753.0688,11279.4747,6344.7161,5169.03343,6346.88339,10567.6591,10716.5227,9229.88611,10571.629,11995.6125,2819.69592,4489.88216,4494.66404,5117.77711,4489.44942,5117.74912,125.479403,6614.56723,6614.89138
2055.11,914.307,-663.719,31.1355,1,28.93527749691779,19.93652931537765,0.00032837047813964303,0.00031608471312232427,5.78357865281733e-06,3.147592848303438e-09,0.9871355770164539,1.9870296935656664e-10,2133.09591,2132.75862,2134.95868,2081.22534,2134.63386,2080.51871,2710.7203,2659.01281,2709.66031,2663.63461,2710.68389,2658.94725,2709.62437,2663.62,2036.26662,1875.26048,2039.4748,2252.58696,2480.89188,1863.21821,2267.34739,2122.55248,395.931689,748.705066,1013.68292,1025.60094,748.844045,1025.98573,119.60744,1936.37549,1938.45158
7959.82,5249.49,21976.7,8.44605,1,411.59234136305764,18.99976849290235,0.0003289672599842443,0.0003292842339264228,2.8521205031989737e-07,3.0592154074993426e-09,0.9999692953836627,2.1336425813761643e-12,8606.03763,8605.78228,8606.83536,8178.02858,8606.58013,8177.49067,11993.0238,11618.7744,11992.7529,11661.182,11992.9783,11618.7449,11992.7074,11661.1178,8533.80803,8025.125,8534.6377,10324.0243,11545.5592,7911.18626,10324.6918,10590.1057,2420.09004,4413.83493,6388.8964,6390.79338,4413.81244,6390.5276,122.396966,10612.8752,10612.874
2232.39,3854.28,-3562.03,8.73182,1,43.61870600519918,20.952096398598943,0.00032885328572578596,0.0003295338575565334,4.0214008291358476e-07,3.0590176951474526e-09,0.999876774850752,9.09130669259009e-12,3334.78167,3334.72519,3336.10833,2644.6926,3336.05281,2644.55039,7215.03036,6853.61204,7214.59203,6892.72783,7215.00917,6853.59789,7214.57134,6892.69699,3318.82518,2604.31968,3320.41953,6469.15655,6817.01059,5280.2469,6476.72929,7739.61017,1749.80783,3212.28341,4399.25503,4402.44907,3212.24523,4402.60693,124.439438,5495.28137,5495.61079
1222.19,1135.75,-6532.14,29.8485,1,,,,,,,,,,,,,,,,,,,,,,,,,,,,,,,,,,,,,,,
8443.13,9158.44,41885.5,47.4394,1,,,,,,,,,,,,,,,,,,,,,,,,,,,,,,,,,,,,,,,
4176.72,4493.23,-12713.4,17.2313,1,107.24364581316104,20.239926838953497,0.00032893827998972685,0.000328256908673667,1.1557336930021167e-06,3.0623968809473868e-09,0.9997888353399652,8.499359146799856e-12,5065.05326,5064.30036,5066.08535,4486.74175,5065.33659,4485.03522,8932.32726,8546.21583,8931.96567,8589.12795,8932.23787,8546.09843,8931.87698,8589.05623,4852.52987,3988.70271,4854.49178,7163.38777,8222.2235,4765.48863,7171.72751,9013.30042,2070.88243,3794.57794,7232.02823,7232.8726,3794.55034,7233.30246,128.263466,8267.4115,8268.18376
6233.31,4213.4,-20404.6,19.72,1,0.002445003435320177,30.45650624603239,0.0003289716134292929,0.0003267484840375436,2.6424507127430788e-05,3.0684037876717802e-09,0.9998138861775996,6.17147626232755e-12,6781.16163,6779.53873,6782.01727,6410.93163,6780.40135,6407.47945,9653.036,9351.7476,9652.90424,9389.19696,9652.87293,9351.52173,9652.74232,9389.08153,6320.5176,5385.90935,6322.09473,6579.51757,8642.03279,607.154268,6589.13443,8624.77292,1946.0978,3592.3027,9400.90773,9401.43753,3592.27961,9401.57506,66.4252004,10381.8467,10380.9135
2255.8,6770.05,-13474.0,9.40198,1,5.955060252221231,23.726462811448748,0.0003289655288519852,0.00032902832674420736,4.616148092993183e-07,3.059571326522426e-09,0.9999603002133032,4.2573313834873165e-12,4864.26445,4864.0046,4865.19722,3357.58977,4864.93888,3356.847,11787.1782,11115.1799,11786.9056,11190.099,11787.1225,11115.1383,11786.8503,11190.0231,4790.82717,3142.4329,4792.18539,10071.2385,11006.7576,7359.50548,10077.1884,13048.6702,3143.54839,5683.23038,9274.49115,9275.39568,5683.20423,9275.88216,127.893468,10377.4403,10377.5872
516.981,2290.5,-2758.76,40.706,1,,,,,,,,,,,,,,,,,,,,,,,,,,,,,,,,,,,,,,,
2628.39,905.121,-2960.67,19.9086,1,83.39571783170805,18.975853744038158,0.0003286215173618754,0.00032039803519187616,2.9777273370616245e-06,3.074911870095374e-09,0.9975671839532767,7.366488688016729e-11,2685.27616,2685.03572,2686.83153,2647.36114,2686.60313,2646.85945,3140.85787,3099.12459,3139.98055,3102.76321,3140.82552,3099.07577,3139.95103,3102.73769,2617.24115,2505.70026,2620.06549,2513.09002,2969.42361,1838.56003,2527.33758,2132.38838,396.723003,758.950119,1575.88613,1579.04809,759.08736,1579.84647,121.700833,2850.52105,2852.06916
7747.81,1072.42,-20575.3,39.791,1,,,,,,,,,,,,,,,,,,,,,,,,,,,,,,,,,,,,,,,
1620.83,7202.0,-2056.64,29.9423,1,1.49381093059919,24.134444199298528,0.00032891130199968837,0.0003289469988794486,2.0562675429216416e-07,3.0646586415409297e-09,0.9991403579677163,1.2539959923899066e-11,4855.64244,4855.14277,4856.4066,3100.78486,4855.91133,3099.24248,12348.5086,11622.4629,12348.2431,11703.7185,12348.412,11622.2951,12348.1465,11703.6809,4717.24231,2647.38488,4719.26385,11154.9872,11195.9699,9643.67139,11187.8059,13824.3047,3335.26707,6015.38092,6609.11878,6614.33385,6015.35032,6614.10432,126.698157,7110.92738,7111.23714
5234.28,212.113,23244.8,36.5567,1,,,,,,,,,,,,,,,,,,,,,,,,,,,,,,,,,,,,,,,
1378.92,6379.86,4876.91,22.9847,1,1.513455324963014,24.103468560150837,0.0003288813340706071,0.0003293796940276892,2.4182950068517594e-07,3.0573024035314207e-09,0.9993265864427229,1.24815698833511e-11,4290.91663,4290.68027,4291.93666,2717.57506,4291.70208,2716.842,11020.0416,10378.8884,11019.7452,10450.6362,11019.9996,10378.8234,11019.7033,10450.6121,4224.60228,2504.77432,4226.1097,10199.0021,10260.1749,8974.71975,10260.2408,12333.3824,2931.29296,5045.32438,5057.47857,5313.79183,5044.97279,5313.74486,125.208254,6167.67617,6168.0424
8635.46,288.702,9307.58,43.5896,1,118.52150868899821,17.39271127813954,0.00032880261654594196,0.0003304427507859265,6.656283456591144e-07,2.9907752153157106e-09,0.9954081301301173,2.508335082479713e-11,8613.60541,8610.25002,8614.42421,8628.6537,8611.0674,8621.94135,8581.27872,8594.69554,8580.85494,8591.38977,8580.95051,8594.09389,8580.52314,8591.33854,7660.24133,6582.39082,7660.38564,6059.37912,7026.27029,4941.40705,6061.8764,764.366206,116.328552,227.299615,683.263182,687.788869,227.481796,689.365524,124.419781,4640.41069,4641.17888
2482.53,1472.92,-1465.4,20.1657,1,53.25231574813792,19.893909858204516,0.00032861951838932245,0.00032619167929250574,2.966955780235016e-06,3.0653649533139144e-09,0.9976507240022375,6.508042499635956e-11,2653.37541,2653.18723,2654.95129,2539.48246,2654.768,2539.08306,3726.84577,3626.6305,3725.98133,3636.46131,3726.81891,3626.59135,3725.95532,3636.44258,2599.9895,2425.30396,2602.52927,3205.63603,3521.70854,2598.24054,3217.75897,3260.78498,649.272346,1221.68506,1717.27585,1723.79258,1221.72095,1724.13454,121.840483,2924.85748,2926.36829
3431.77,3662.88,-8926.82,19.3675,1,76.491290039674,20.351127538423686,0.00032889244856742193,0.00032793254064860896,9.02712296433772e-07,3.065377841647636e-09,0.9995520411259362,1.465351560841364e-11,4156.11385,4155.47183,4157.28001,3684.10296,4156.64334,3682.64696,7381.36985,7068.32486,7380.93419,7102.38652,7381.29525,7068.21895,7380.86028,7102.33401,3975.48143,3260.14616,3977.83807,6058.34647,6777.45825,4381.84335,6067.98384,7446.72926,1672.98233,3082.58105,5526.75677,5527.77808,3082.54839,5528.39053,127.397639,6375.23813,6376.14322
7291.47,2363.61,-21060.1,32.7215,1,,,,,,,,,,,,,,,,,,,,,,,,,,,,,,,,,,,,,,,
